<?xml version="1.0" encoding="UTF-8" standalone="yes"?>
<ns1:Envelope xmlns:ns1="http://servicemesh.com/agility/api" xmlns:ns2="http://servicemesh.com/core/messaging" ns1:version="3.0" ns1:productVersion="9.2.4">
    <ns1:Asset xmlns:xsi="http://www.w3.org/2001/XMLSchema-instance" xsi:type="ns1:Script">
        <ns1:name>MWSR2 - Lync - Prereqs</ns1:name>
        <ns1:id>225</ns1:id>
        <ns1:description>Install Lync Pre Reqs</ns1:description>
        <ns1:uuid>3f6297bb-1bbb-450e-8d2e-627c7db22984</ns1:uuid>
        <ns1:assetType>
            <ns1:name>script</ns1:name>
            <ns1:href>assettype/2</ns1:href>
            <ns1:id>2</ns1:id>
            <ns1:rel>up</ns1:rel>
            <ns1:type>application/com.servicemesh.agility.api.AssetType+xml</ns1:type>
            <ns1:position>0</ns1:position>
        </ns1:assetType>
        <ns1:top>true</ns1:top>
        <ns1:assetPath>/Root/MWS2/MWS2_CDCR2/SANDPIT</ns1:assetPath>
        <ns1:detailedAssetPath>/Root:#ID#1:#TYPE#VMContainer/MWS2:#ID#8:#TYPE#VMContainer/MWS2_CDCR2:#ID#9:#TYPE#VMProject/SANDPIT:#ID#11:#TYPE#VMEnvironment</ns1:detailedAssetPath>
        <ns1:lifecycleVersion>-1</ns1:lifecycleVersion>
        <ns1:removable>true</ns1:removable>
        <ns1:domain>
            <ns1:name>domain1</ns1:name>
            <ns1:href>domain/1</ns1:href>
            <ns1:id>1</ns1:id>
            <ns1:rel>up</ns1:rel>
            <ns1:type>application/com.servicemesh.agility.api.Domain+xml</ns1:type>
            <ns1:position>0</ns1:position>
        </ns1:domain>
        <ns1:creator>
            <ns1:name>rsmith272</ns1:name>
            <ns1:href>user/17</ns1:href>
            <ns1:id>17</ns1:id>
            <ns1:rel>up</ns1:rel>
            <ns1:type>application/com.servicemesh.agility.api.User+xml</ns1:type>
            <ns1:position>0</ns1:position>
        </ns1:creator>
        <ns1:created>2015-03-27T06:12:51-05:00</ns1:created>
        <ns1:lockType>0</ns1:lockType>
        <ns1:lastModified>2015-03-27T06:21:14-05:00</ns1:lastModified>
        <ns1:parent>
            <ns1:name>SANDPIT</ns1:name>
            <ns1:href>environment/11</ns1:href>
            <ns1:id>11</ns1:id>
            <ns1:rel>up</ns1:rel>
            <ns1:type>application/com.servicemesh.agility.api.Environment+xml</ns1:type>
            <ns1:position>0</ns1:position>
        </ns1:parent>
        <ns1:version>-1</ns1:version>
        <ns1:latest>false</ns1:latest>
        <ns1:versionStatus>inprogress</ns1:versionStatus>
        <ns1:checkoutAllowed>false</ns1:checkoutAllowed>
        <ns1:headAllowed>false</ns1:headAllowed>
        <ns1:operatingSystem>Windows</ns1:operatingSystem>
        <ns1:enableExtensions>false</ns1:enableExtensions>
        <ns1:body>

$DatabaseServer = $DBSERVER

write-host $DatabaseServer</ns1:body>
        <ns1:type>Guest</ns1:type>
        <ns1:language>
            <ns1:name>powershell</ns1:name>
            <ns1:href>scriptlanguage/5</ns1:href>
            <ns1:id>5</ns1:id>
            <ns1:rel>down</ns1:rel>
            <ns1:type>application/com.servicemesh.agility.api.ScriptLanguage+xml</ns1:type>
            <ns1:position>0</ns1:position>
        </ns1:language>
        <ns1:runAsAdmin>true</ns1:runAsAdmin>
        <ns1:timeout>1800</ns1:timeout>
        <ns1:retries>0</ns1:retries>
        <ns1:delay>0</ns1:delay>
        <ns1:errorAction>Continue</ns1:errorAction>
        <ns1:rebootRequired>true</ns1:rebootRequired>
        <ns1:variable>
            <ns1:name>DBSERVER</ns1:name>
            <ns1:id>308</ns1:id>
            <ns1:description>Database Server Name</ns1:description>
            <ns1:uuid>3f633eb3-c82b-42a6-bc1c-e855c8487311</ns1:uuid>
            <ns1:top>false</ns1:top>
            <ns1:assetPath></ns1:assetPath>
            <ns1:detailedAssetPath></ns1:detailedAssetPath>
            <ns1:lifecycleVersion>-1</ns1:lifecycleVersion>
            <ns1:removable>true</ns1:removable>
            <ns1:displayName>DBSERVER</ns1:displayName>
            <ns1:readable>true</ns1:readable>
            <ns1:writable>true</ns1:writable>
            <ns1:minRequired>0</ns1:minRequired>
            <ns1:maxAllowed>1</ns1:maxAllowed>
            <ns1:validator/>
            <ns1:defaultValue>
                <ns1:id>10554</ns1:id>
                <ns1:name></ns1:name>
                <ns1:encrypted>false</ns1:encrypted>
                <ns1:overridable>true</ns1:overridable>
                <ns1:propertyType>
                    <ns1:name>string-any</ns1:name>
                    <ns1:href>/propertytype/4</ns1:href>
                    <ns1:id>4</ns1:id>
                    <ns1:rel>up</ns1:rel>
                    <ns1:type>application/com.servicemesh.agility.api.PropertyType+xml</ns1:type>
                    <ns1:position>0</ns1:position>
                </ns1:propertyType>
                <ns1:stringValue>NONESET</ns1:stringValue>
            </ns1:defaultValue>
            <ns1:propertyType>
                <ns1:name>string-any</ns1:name>
                <ns1:href>propertytype/4</ns1:href>
                <ns1:id>4</ns1:id>
                <ns1:type>application/com.servicemesh.agility.api.PropertyType+xml</ns1:type>
            </ns1:propertyType>
            <ns1:assetPropertyLinkId>ffb640fe-988a-431d-81ca-6368e68a8211</ns1:assetPropertyLinkId>
        </ns1:variable>
        <ns1:runOnProvisionOnly>false</ns1:runOnProvisionOnly>
    </ns1:Asset>
</ns1:Envelope>
